Algo_name;Recall;Precision;Accuracy;F2;F2-CV
Logistic Regression;0.5423728813559322;0.6153846153846154;0.765;0.5555555555555556;0.47402633128512184
Random forest;0.4067796610169492;0.7272727272727273;0.78;0.446096654275093;0.42353299800001754
Neural Network;0.7288135593220338;0.6515151515151515;0.805;0.7119205298013245;0.5046545229730593
xGboost;0.576271186440678;0.6415094339622641;0.78;0.5882352941176471;0.49413379459502504
