Algo_name;Recall;Precision;Accuracy;F2;F2-CV
Logistic Regression;0.7796610169491526;0.4946236559139785;0.7;0.6990881458966565;0.6547053537667266
Random forest;0.4067796610169492;0.7272727272727273;0.78;0.446096654275093;0.42353299800001754
Neural Network;0.7288135593220338;0.6515151515151515;0.805;0.7119205298013245;0.5046545229730593
xGboost;0.576271186440678;0.6415094339622641;0.78;0.5882352941176471;0.49413379459502504
