Algo_name;Algo_Name;Recall;Precision;Accuracy;F2
Logistic Regression;LR;0.5423728813559322;0.6037735849056604;0.76;0.5536332179930795
Random Forest;RF;0.423728813559322;0.6756756756756757;0.77;0.45787545787545786
Neuronales Netz;NN;0.5423728813559322;0.6037735849056604;0.76;0.5536332179930795
Random Forest;RF;0.423728813559322;0.6756756756756757;0.77;0.45787545787545786
xGboost;xGb;0.576271186440678;0.6415094339622641;0.78;0.5882352941176471
