Algo_name;Recall;Precision;Accuracy;F2;F2-CV
Logistic regression;0.7796610169491526;0.5054945054945055;0.71;0.7033639143730887;0.6564734119062573
Random Forest;0.4067796610169492;0.7058823529411765;0.775;0.4444444444444445;0.36693048671616063
xGboost;0.559322033898305;0.5892857142857143;0.755;0.6068493150685;0.4843161841467703
Neuronal Network;1.0;0.295;0.295;0.676605504587156;0.5055290811339198
